AA,Codon,Count
Ala,GCA,1723.0
Ala,GCC,414.0
Ala,GCG,512.0
Ala,GCT,1480.0
Cys,TGT,755.0
Cys,TGC,489.0
Asp,GAC,683.0
Asp,GAT,2749.0
Glu,GAA,3435.0
Glu,GAG,1091.0
Phe,TTC,954.0
Phe,TTT,1484.0
Gly,GGA,1342.0
Gly,GGC,606.0
Gly,GGG,278.0
Gly,GGT,1725.0
His,CAC,320.0
His,CAT,1070.0
Ile,ATA,1003
Ile,ATC,821.0
Ile,ATT,1870.0
Lys,AAA,2975
Lys,AAG,1374
Leu,CTA,584
Leu,CTC,344
Leu,CTG,637
Leu,CTT,1129
Leu,TTA,1308
Leu,TTG,1415
Met,ATG,1665
Asn,AAC,612
Asn,AAT,2138
Pro,CCA,1392
Pro,CCC,179
Pro,CCG,518
Pro,CCT,602
Gln,CAA,1648
Gln,CAG,889
Arg,AGA,662
Arg,CGA,926
Arg,AGG,267
Arg,CGC,301
Arg,CGG,277
Arg,CGT,1063
Ser,AGC,443
Ser,TCA,1261
Ser,TCC,339
Ser,AGT,891
Ser,TCG,518
Ser,TCT,693
Thr,ACA,1331
Thr,ACC,445
Thr,ACG,549
Thr,ACT,1002
Val,GTA,995
Val,GTC,449
Val,GTG,796
Val,GTT,1375
Trp,TGG,744
Tyr,TAC,620
Tyr,TAT,1372
Stp,TAA,72
Stp,TAG,36
Stp,TGA,53