AA,Codon,Count
Ala,GCA,9241
Ala,GCC,13379
Ala,GCG,8882
Ala,GCT,15372
Arg,AGA,5837
Arg,AGG,3506
Arg,CGA,8608
Arg,CGC,5848
Arg,CGG,2792
Arg,CGT,8138
Asn,AAC,13827
Asn,AAT,10562
Asp,GAC,16666
Asp,GAT,17841
Cys,TGC,6057
Cys,TGT,4701
Gln,CAA,10485
Gln,CAG,13649
Glu,GAA,20014
Glu,GAG,21561
Gly,GGA,15773
Gly,GGC,8959
Gly,GGG,2405
Gly,GGT,12054
His,CAC,7134
His,CAT,6933
Ile,ATA,4424
Ile,ATC,14731
Ile,ATT,11693
Leu,CTA,4773
Leu,CTC,10995
Leu,CTG,12948
Leu,CTT,9924
Leu,TTA,2995
Leu,TTG,9854
Lys,AAA,15191
Lys,AAG,23614
Met,ATG,16321
Phe,TTC,17509
Phe,TTT,6941
Pro,CCA,9127
Pro,CCC,4372
Pro,CCG,8639
Pro,CCT,6844
Ser,AGC,6875
Ser,AGT,5110
Ser,TCA,6918
Ser,TCC,6263
Ser,TCG,9487
Ser,TCT,6312
Stp,TAA,814
Stp,TAG,565
Stp,TGA,843
Thr,ACA,6964
Thr,ACC,9366
Thr,ACG,7662
Thr,ACT,7584
Trp,TGG,6731
Tyr,TAC,10961
Tyr,TAT,7169
Val,GTA,5516
Val,GTC,10799
Val,GTG,13629
Val,GTT,11045
